"factor","effect_size","lower_ci","upper_ci","panel"
"Ready-to-eat meals",0.0860183578792474,-0.064454396141133,0.236491111899628,"Type of
Product"
"Packaged food & grocery",0.26735117087593,0.0996554511588798,0.435046890592979,"Type of
Product"
"Non-food consumer goods",0.365950624670889,0.0246389567448106,0.707262292596967,"Type of
Product"
"Offline",0.0989281140375334,-0.0620112110825657,0.259867439157632,"Scenario"
"Online",0.265323181760854,0.113395462088676,0.417250901433032,"Scenario"
"General Population Sample",0.129143245357983,-0.0216483519761347,0.279934842692101,"Sample
Characteristics"
"Student Population Sample",0.28311256968671,0.0974418696678289,0.46878326970559,"Sample
Characteristics"
"Field",0.0479615550355389,-0.0933978838118226,0.1893209938829,"Research
Setting"
"Lab",0.323182681268206,0.181805974023455,0.464559388512958,"Research
Setting"
"Non-traffic-light Design",0.182381357831998,0.034970299820399,0.329792415843596,"Label
Design"
"Traffic Light Design",0.193619229200018,0.0380128504747068,0.349225607925329,"Label
Design"
