"Model","Moderator","Estimate","SE","z","p","CI.lb","CI.ub","QM","QM.p"
"D1","intrcpt",0.100799999999997,0.428681024831138,0.235139868949653,0.814100175109192,-0.739399369524755,0.940999369524748,9.2533499784712,0.00978724776400514
"D1","D1Low",0.189336752147489,0.431921380583826,0.438359295600425,0.661125848407956,-0.657213597949628,1.03588710224461,9.2533499784712,0.00978724776400514
"D1","D1Some concerns",-0.0675586726107382,0.433755852193075,-0.155752763378663,0.876227905469006,-0.917704520992644,0.782587175771167,9.2533499784712,0.00978724776400514
"D2","intrcpt",-0.183087694877354,0.169345762833502,-1.08114718558009,0.279631646853902,-0.514999290965479,0.148823901210771,5.39860889643312,0.0672522739145168
"D2","D2Low",0.385679719889714,0.179617754032836,2.14722493311662,0.0317753786604101,0.0336353910013819,0.737724048778047,5.39860889643312,0.0672522739145168
"D2","D2Some concerns",0.420542557819418,0.182086995087999,2.30956943199693,0.0209120035758537,0.063658605393818,0.777426510245018,5.39860889643312,0.0672522739145168
"D3","intrcpt",-0.663600000000002,0.29946100815768,-2.21598131951318,0.0266927815301349,-1.25053279076311,-0.0766672092368945,8.89382326301372,0.0117146904412543
"D3","D3Low",0.885948622691452,0.303045540608147,2.92348345041984,0.00346138625056565,0.291990277424014,1.47990696795889,8.89382326301372,0.0117146904412543
"D3","D3Some concerns",0.801366961668262,0.31508185679237,2.54336117549396,0.0109791675621828,0.18381787017321,1.41891605316331,8.89382326301372,0.0117146904412543
"D4","intrcpt",0.351979540615092,0.12402029172668,2.83808025053509,0.00453857701140757,0.108904235478647,0.595054845751536,5.20539945485796,0.0740733302270982
"D4","D4Low",-0.241210571863535,0.136107338521531,-1.77220842376091,0.0763599658164502,-0.507976053397338,0.0255549096702673,5.20539945485796,0.0740733302270982
"D4","D4Some concerns",-0.0654582804053279,0.146877892417282,-0.445664622006968,0.655839523399226,-0.353333659668349,0.222417098857693,5.20539945485796,0.0740733302270982
"D5","intrcpt",0.0217792404863751,0.211204437280192,0.103119237298419,0.917868337257561,-0.392173849957849,0.435732330930599,0.699752479907273,0.704775307346286
"D5","D5Low",0.184376970735357,0.228667266452527,0.806311168169038,0.420063452547098,-0.263802635954819,0.632556577425533,0.699752479907273,0.704775307346286
"D5","D5Some concerns",0.178964311306828,0.217994607986926,0.820957513396671,0.41167046922628,-0.248297269171473,0.60622589178513,0.699752479907273,0.704775307346286
